Time,40.567475,-105.088006,-37
Time,40.567475,-105.088006,-37
Time,40.567475,-105.088006,-35
Time,40.567475,-105.088006,-34
Time,40.567475,-105.088006,-34
Time,40.567475,-105.088006,-37
Time,40.567475,-105.088006,-34
Time,40.567475,-105.088006,-35
Time,40.567475,-105.088006,-34
Time,40.567475,-105.088006,-34
Time,40.567475,-105.088006,-34
Time,40.567475,-105.088006,-33
Time,40.567475,-105.088006,-35
Time,40.567475,-105.088006,-34
Time,40.567475,-105.088006,-38
Time,40.567475,-105.088006,-34
Time,40.567475,-105.088006,-38
Time,40.567475,-105.088006,-37
Time,40.567475,-105.088006,-34
Time,40.567475,-105.088006,-37
Time,40.567475,-105.088006,-37
Time,40.567475,-105.088006,-35
Time,40.567475,-105.088006,-35
Time,40.567475,-105.088006,-34
Time,40.567475,-105.088006,-34
Time,40.567475,-105.088006,-34
Time,40.567475,-105.088006,-34
Time,40.567475,-105.088006,-34
Time,40.567475,-105.088006,-37
Time,40.567475,-105.088006,-34
Time,40.567475,-105.088006,-34
Time,40.567475,-105.088006,-34
Time,40.567475,-105.088006,-35
Time,40.567475,-105.088006,-34
Time,40.567475,-105.088006,-34
Time,40.567475,-105.088006,-34
Time,40.567475,-105.088006,-34
Time,40.567475,-105.088006,-34
Time,40.567475,-105.088006,-38
Time,40.567475,-105.088006,-34
Time,40.567475,-105.088006,-34
Time,40.567475,-105.088006,-34
Time,40.567475,-105.088006,-34
Time,40.567475,-105.088006,-34
Time,40.567475,-105.088006,-34
Time,40.567475,-105.088006,-34
Time,40.567475,-105.088006,-34
Time,40.567475,-105.088006,-35
Time,40.567475,-105.088006,-34
Time,40.567475,-105.088006,-34
Time,40.567475,-105.088006,-34
Time,40.567475,-105.088006,-34
Time,40.567475,-105.088006,-34
Time,40.567475,-105.088006,-34
Time,40.567475,-105.088006,-34
Time,40.567475,-105.088006,-34
Time,40.567475,-105.088006,-34
Time,40.567475,-105.088006,Signal level not found
Time,40.567475,-105.088006,Signal level not found
Time,40.567475,-105.088006,Signal level not found
Time,40.567475,-105.088006,-34
Time,40.567475,-105.088006,-34
Time,40.567475,-105.088006,-34
Time,40.567475,-105.088006,-34
Time,40.567475,-105.088006,-34
Time,40.567475,-105.088006,-34
Time,40.567475,-105.088006,-34
Time,40.567475,-105.088006,-34
Time,40.567475,-105.088006,-34
Time,40.567475,-105.088006,-37
Time,40.567475,-105.088006,-34
Time,40.567475,-105.088006,-38
Time,40.567475,-105.088006,-37
Time,40.567475,-105.088006,-34
Time,40.567475,-105.088006,-34
Time,40.567475,-105.088006,-34
Time,40.567475,-105.088006,-34
Time,40.567475,-105.088006,-34
Time,40.567475,-105.088006,-34
Time,40.567475,-105.088006,-34
Time,40.567475,-105.088006,-34
Time,40.567475,-105.088006,-37
Time,40.567475,-105.088006,-34
Time,40.567475,-105.088006,-34
Time,40.567475,-105.088006,-34
Time,40.567475,-105.088006,-34
Time,40.567475,-105.088006,-34
Time,40.567475,-105.088006,-34
Time,40.567475,-105.088006,-37
Time,40.567475,-105.088006,-34
Time,40.567475,-105.088006,-34
Time,40.567475,-105.088006,-37
Time,40.567475,-105.088006,-34
Time,40.567475,-105.088006,-34
Time,40.567475,-105.088006,-34
Time,40.567475,-105.088006,-34
Time,40.567475,-105.088006,-34
Time,40.567475,-105.088006,-34
Time,40.567475,-105.088006,-34
Time,40.567475,-105.088006,-34
Time,40.567475,-105.088006,-34
Time,40.567475,-105.088006,-38
Time,40.567475,-105.088006,-34
Time,40.567475,-105.088006,-34
Time,40.567475,-105.088006,-34
Time,40.567475,-105.088006,-37
Time,40.567475,-105.088006,-35
Time,40.567475,-105.088006,-38
Time,40.567475,-105.088006,-37
Time,40.567475,-105.088006,-35
Time,40.567475,-105.088006,-37
Time,40.567475,-105.088006,-37
Time,40.567475,-105.088006,-37
Time,40.567475,-105.088006,-37
Time,40.567475,-105.088006,-34
Time,40.567475,-105.088006,-37
Time,40.567475,-105.088006,-35
Time,40.567475,-105.088006,-37
Time,40.567475,-105.088006,-34
Time,40.567475,-105.088006,-34
Time,40.567475,-105.088006,-37
Time,40.567475,-105.088006,-35
Time,40.567475,-105.088006,-34
Time,40.567475,-105.088006,-37
Time,40.567475,-105.088006,-34
Time,40.567475,-105.088006,-34
Time,40.567475,-105.088006,-34
Time,40.567475,-105.088006,-34
Time,40.567475,-105.088006,-34
Time,40.567475,-105.088006,-34
Time,40.567475,-105.088006,-34
Time,40.567475,-105.088006,-34
Time,40.567475,-105.088006,-37
Time,40.567475,-105.088006,-34
Time,40.567475,-105.088006,-34
Time,40.567475,-105.088006,-34
Time,40.567475,-105.088006,-37
Time,40.567475,-105.088006,-34
Time,40.567475,-105.088006,-34
Time,40.567475,-105.088006,-34
Time,40.567475,-105.088006,-34
Time,40.567475,-105.088006,-34
Time,40.567475,-105.088006,-34
Time,40.567475,-105.088006,-34
Time,40.567475,-105.088006,-37
Time,40.567475,-105.088006,-34
Time,40.567475,-105.088006,-37
Time,40.567475,-105.088006,-34
Time,40.567475,-105.088006,Signal level not found
Time,40.567475,-105.088006,Signal level not found
Time,40.567475,-105.088006,Signal level not found
Time,40.567475,-105.088006,-34
Time,40.567475,-105.088006,-34
Time,40.567475,-105.088006,-37
Time,40.567475,-105.088006,-34
Time,40.567475,-105.088006,-34
Time,40.567475,-105.088006,-37
Time,40.567475,-105.088006,-37
Time,40.567475,-105.088006,-34
Time,40.567475,-105.088006,-34
Time,40.567475,-105.088006,-34
Time,40.567475,-105.088006,-34
Time,40.567475,-105.088006,-34
Time,40.567475,-105.088006,-34
Time,40.567475,-105.088006,-37
Time,40.567475,-105.088006,-37
Time,40.567475,-105.088006,-34
Time,40.567475,-105.088006,-34
Time,40.567475,-105.088006,-37
Time,40.567475,-105.088006,-37
Time,40.567475,-105.088006,-34
Time,40.567475,-105.088006,-34
Time,40.567475,-105.088006,-34
Time,40.567475,-105.088006,-34
Time,40.567475,-105.088006,-34
Time,40.567475,-105.088006,-34
Time,40.567475,-105.088006,-34
Time,40.567475,-105.088006,-34
Time,40.567475,-105.088006,-34
Time,40.567475,-105.088006,-34
Time,40.567475,-105.088006,-34
Time,40.567475,-105.088006,-34
Time,40.567475,-105.088006,-34
Time,40.567475,-105.088006,-34
Time,40.567475,-105.088006,-34
Time,40.567475,-105.088006,-37
Time,40.567475,-105.088006,-34
Time,40.567475,-105.088006,-34
Time,40.567475,-105.088006,-34
Time,40.567475,-105.088006,-34
Time,40.567475,-105.088006,-34
Time,40.567475,-105.088006,-34
Time,40.567475,-105.088006,-34
Time,40.567475,-105.088006,-34
Time,40.567475,-105.088006,-34
Time,40.567475,-105.088006,-34
Time,40.567475,-105.088006,-34
Time,40.567475,-105.088006,-34
Time,40.567475,-105.088006,-34
Time,40.567475,-105.088006,-34
Time,40.567475,-105.088006,-34
Time,40.567475,-105.088006,-34
Time,40.567475,-105.088006,-34
Time,40.567475,-105.088006,-34
Time,40.567475,-105.088006,-34
Time,40.567475,-105.088006,-34
Time,40.567475,-105.088006,-34
Time,40.567475,-105.088006,-34
Time,40.567475,-105.088006,-34
Time,40.567475,-105.088006,-34
Time,40.567475,-105.088006,Signal level not found
Time,40.567475,-105.088006,Signal level not found
Time,40.567475,-105.088006,-34
Time,40.567475,-105.088006,-34
Time,40.567475,-105.088006,-34
Time,40.567475,-105.088006,-34
Time,40.567475,-105.088006,-37
Time,40.567475,-105.088006,-34
Time,40.567475,-105.088006,-34
Time,40.567475,-105.088006,-34
Time,40.567475,-105.088006,-34
Time,40.567475,-105.088006,-34
Time,40.567475,-105.088006,-34
Time,40.567475,-105.088006,-34
Time,40.567475,-105.088006,-34
Time,40.567475,-105.088006,-34
Time,40.567475,-105.088006,-34
Time,40.567475,-105.088006,-34
Time,40.567475,-105.088006,-34
Time,40.567475,-105.088006,-34
Time,40.567475,-105.088006,-34
Time,40.567475,-105.088006,-34
Time,40.567475,-105.088006,-38
Time,nan,nan,-35
Time,nan,nan,-37
Time,nan,nan,-38
Time,nan,nan,-38
Time,nan,nan,-37
Time,nan,nan,-37
Time,nan,nan,-34
Time,nan,nan,-34
Time,nan,nan,-34
Time,nan,nan,-34
Time,40.567475,-105.088006,-34
Time,nan,nan,-34
Time,40.567475,-105.088006,-37
Time,nan,nan,-34
Time,nan,nan,-34
Time,nan,nan,-34
Time,nan,nan,-37
Time,nan,nan,-34
Time,nan,nan,-34
Time,nan,nan,-34
Time,nan,nan,-34
Time,40.567475,-105.088006,-35
Time,40.567475,-105.088006,-35
Time,40.567475,-105.088006,-38
Time,nan,nan,-38
Time,40.567475,-105.088006,-38
Time,40.567475,-105.088006,-38
Time,nan,nan,-35
Time,nan,nan,-37
Time,nan,nan,-37
Time,nan,nan,-35
Time,nan,nan,-35
Time,40.567475,-105.088006,-38
Time,nan,nan,-38
Time,nan,nan,-37
Time,40.567475,-105.088006,-37
Time,nan,nan,-37
Time,nan,nan,-37
Time,nan,nan,Signal level not found
Time,nan,nan,Signal level not found
Time,nan,nan,-35
Time,nan,nan,-38
Time,nan,nan,-35
Time,nan,nan,-37
Time,nan,nan,-34
Time,nan,nan,-34
Time,nan,nan,-37
Time,nan,nan,-37
Time,nan,nan,-38
Time,nan,nan,-33
Time,nan,nan,-33
Time,nan,nan,-34
Time,nan,nan,-34
Time,nan,nan,-34
Time,nan,nan,-34
Time,nan,nan,-34
Time,nan,nan,-34
Time,nan,nan,-34
Time,nan,nan,-34
Time,nan,nan,-34
Time,nan,nan,-34
Time,nan,nan,-34
Time,nan,nan,-34
Time,nan,nan,-34
Time,nan,nan,-34
Time,nan,nan,-34
Time,nan,nan,-34
Time,nan,nan,-34
Time,nan,nan,-34
Time,nan,nan,-37
Time,nan,nan,-34
Time,nan,nan,-34
Time,nan,nan,-34
Time,nan,nan,-34
Time,nan,nan,-34
Time,nan,nan,-34
Time,nan,nan,-34
Time,nan,nan,-34
Time,nan,nan,-34
Time,nan,nan,-34
Time,nan,nan,-34
Time,nan,nan,-34
Time,nan,nan,-34
Time,nan,nan,-34
Time,nan,nan,-34
Time,nan,nan,-34
Time,nan,nan,-34
Time,nan,nan,-34
Time,nan,nan,-34
Time,nan,nan,-34
Time,nan,nan,-34
Time,nan,nan,-34
Time,nan,nan,-37
Time,nan,nan,-34
Time,nan,nan,-34
Time,nan,nan,-34
Time,nan,nan,-34
Time,nan,nan,-34
Time,nan,nan,-34
Time,nan,nan,-34
Time,nan,nan,-34
Time,nan,nan,-34
Time,nan,nan,-34
Time,nan,nan,-37
Time,nan,nan,-34
Time,nan,nan,-34
Time,nan,nan,-34
Time,nan,nan,-34
Time,nan,nan,-34
Time,nan,nan,-34
Time,nan,nan,-34
Time,nan,nan,-34
Time,nan,nan,-34
Time,nan,nan,-37
Time,nan,nan,-34
Time,nan,nan,-34
Time,nan,nan,-34
Time,nan,nan,-34
Time,nan,nan,-34
Time,nan,nan,-34
Time,nan,nan,-34
Time,nan,nan,-34
Time,nan,nan,-34
Time,nan,nan,-34
Time,nan,nan,-34
Time,nan,nan,-34
Time,nan,nan,-34
Time,nan,nan,-34
Time,nan,nan,Signal level not found
Time,nan,nan,Signal level not found
Time,nan,nan,Signal level not found
Time,nan,nan,-34
Time,nan,nan,-34
Time,nan,nan,-34
Time,nan,nan,-34
Time,nan,nan,-34
Time,nan,nan,-34
Time,nan,nan,-34
Time,nan,nan,-34
Time,nan,nan,-34
Time,nan,nan,-34
Time,nan,nan,-34
Time,nan,nan,-34
Time,nan,nan,-34
Time,nan,nan,-34
Time,nan,nan,-37
Time,nan,nan,-34
Time,nan,nan,-34
Time,nan,nan,-34
Time,nan,nan,-34
Time,nan,nan,-34
Time,nan,nan,-34
Time,nan,nan,-34
Time,nan,nan,-34
Time,nan,nan,-34
Time,nan,nan,-34
Time,nan,nan,-34
Time,nan,nan,-34
Time,nan,nan,-34
Time,40.567475,-105.088006,-34
Time,40.567475,-105.088006,-34
Time,nan,nan,-34
Time,nan,nan,-34
Time,40.567475,-105.088006,-34
Time,40.567475,-105.088006,-34
Time,nan,nan,-34
Time,nan,nan,-34
Time,nan,nan,-34
Time,40.567475,-105.088006,-34
Time,40.567475,-105.088006,-34
Time,nan,nan,-34
Time,nan,nan,-34
Time,nan,nan,-34
Time,nan,nan,-34
Time,40.567475,-105.088006,-34
Time,40.567475,-105.088006,-34
Time,40.567475,-105.088006,-34
Time,40.567475,-105.088006,-34
Time,40.567475,-105.088006,-34
Time,40.567475,-105.088006,-34
Time,40.567475,-105.088006,-34
Time,40.567475,-105.088006,-34
Time,40.567475,-105.088006,-34
Time,40.567475,-105.088006,-34
Time,40.567475,-105.088006,-37
Time,40.567475,-105.088006,-34
Time,40.567475,-105.088006,-34
Time,40.567475,-105.088006,-34
Time,40.567475,-105.088006,-34
Time,40.567475,-105.088006,-33
Time,40.567475,-105.088006,-37
Time,40.567475,-105.088006,-34
Time,40.567475,-105.088006,-38
Time,40.567475,-105.088006,-38
Time,40.567475,-105.088006,-34
Time,40.567475,-105.088006,-35
Time,40.567475,-105.088006,-38
Time,40.567475,-105.088006,-37
Time,40.567475,-105.088006,-37
Time,nan,nan,-35
Time,nan,nan,-38
Time,40.567475,-105.088006,-37
Time,40.567475,-105.088006,-38
Time,40.567475,-105.088006,-37
Time,40.567475,-105.088006,-38
Time,40.567475,-105.088006,-38
Time,40.567475,-105.088006,-38
Time,40.567475,-105.088006,-33
Time,40.567475,-105.088006,-37
Time,40.567475,-105.088006,-34
Time,40.567475,-105.088006,-37
Time,40.567475,-105.088006,-34
Time,40.567475,-105.088006,-34
Time,40.567475,-105.088006,-34
Time,40.567475,-105.088006,-33
Time,40.567475,-105.088006,-33
Time,nan,nan,-33
Time,40.567475,-105.088006,-33
Time,40.567475,-105.088006,-33
Time,40.567475,-105.088006,-33
Time,40.567475,-105.088006,-33
Time,40.567475,-105.088006,-33
Time,40.567475,-105.088006,-33
Time,40.567475,-105.088006,-33
Time,40.567475,-105.088006,-33
Time,40.567475,-105.088006,-33
Time,40.567475,-105.088006,-33
Time,40.567475,-105.088006,-33
Time,40.567475,-105.088006,-33
Time,40.567475,-105.088006,-33
Time,40.567475,-105.088006,-33
Time,40.567475,-105.088006,-33
Time,40.567475,-105.088006,-33
Time,40.567475,-105.088006,-33
Time,40.567475,-105.088006,-33
Time,40.567475,-105.088006,-33
Time,40.567475,-105.088006,-33
Time,nan,nan,-33
Time,nan,nan,-33
Time,nan,nan,-33
Time,nan,nan,-33
Time,nan,nan,-33
Time,nan,nan,-33
Time,nan,nan,-33
Time,nan,nan,-33
Time,40.567475,-105.088006,-33
Time,40.567475,-105.088006,-33
Time,40.567475,-105.088006,-33
Time,40.567475,-105.088006,-33
Time,40.567475,-105.088006,-33
Time,40.567475,-105.088006,-33
Time,40.567475,-105.088006,-33
Time,40.567475,-105.088006,-33
Time,40.567475,-105.088006,-33
Time,40.567475,-105.088006,-33
Time,40.567475,-105.088006,-33
Time,40.567475,-105.088006,-33
Time,40.567475,-105.088006,-33
Time,40.567475,-105.088006,-33
Time,40.567475,-105.088006,-33
Time,40.567475,-105.088006,-33
Time,40.567475,-105.088006,-33
Time,40.567475,-105.088006,-33
Time,40.567475,-105.088006,-33
Time,40.567475,-105.088006,-33
Time,40.567475,-105.088006,-33
Time,40.567475,-105.088006,-33
Time,40.567475,-105.088006,-33
Time,40.567475,-105.088006,-33
Time,40.567475,-105.088006,-33
Time,40.567475,-105.088006,-33
Time,40.567475,-105.088006,-33
Time,40.567475,-105.088006,-33
Time,40.567475,-105.088006,-33
Time,40.567475,-105.088006,-33
Time,40.567475,-105.088006,-33
Time,40.567475,-105.088006,-33
Time,40.567475,-105.088006,-33
Time,40.567475,-105.088006,-33
Time,40.567475,-105.088006,-33
Time,40.567475,-105.088006,-33
Time,40.567475,-105.088006,-33
Time,40.567475,-105.088006,-33
Time,40.567475,-105.088006,-33
Time,40.567475,-105.088006,-33
Time,40.567475,-105.088006,-34
Time,40.567475,-105.088006,-33
Time,40.567475,-105.088006,-33
Time,40.567475,-105.088006,-33
Time,40.567475,-105.088006,-33
Time,40.567475,-105.088006,-33
Time,40.567475,-105.088006,-33
Time,40.567475,-105.088006,-33
Time,40.567475,-105.088006,-33
Time,40.567475,-105.088006,-33
Time,40.567475,-105.088006,-33
Time,40.567475,-105.088006,-33
Time,40.567475,-105.088006,-33
Time,40.567475,-105.088006,-33
Time,40.567475,-105.088006,-33
Time,40.567475,-105.088006,-33
Time,40.567475,-105.088006,-33
Time,40.567475,-105.088006,-33
Time,40.567475,-105.088006,-33
Time,40.567475,-105.088006,-33
Time,40.567475,-105.088006,-33
Time,40.567475,-105.088006,Signal level not found
Time,40.567475,-105.088006,Signal level not found
Time,40.567475,-105.088006,Signal level not found
Time,40.567475,-105.088006,-33
Time,40.567475,-105.088006,-34
Time,40.567475,-105.088006,-33
Time,40.567475,-105.088006,-33
Time,40.567475,-105.088006,-33
Time,40.567475,-105.088006,-33
Time,40.567475,-105.088006,-38
Time,40.567475,-105.088006,-38
Time,40.567475,-105.088006,-38
Time,40.567475,-105.088006,-38
Time,40.567475,-105.088006,-35
Time,40.567475,-105.088006,-38
Time,40.567475,-105.088006,-38
Time,40.567475,-105.088006,-37
Time,40.567475,-105.088006,-38
Time,40.567475,-105.088006,-39
Time,40.567475,-105.088006,-38
Time,40.567475,-105.088006,-38
Time,40.567475,-105.088006,-37
Time,40.567475,-105.088006,-38
Time,40.567475,-105.088006,-38
Time,nan,nan,-39
Time,nan,nan,-37
Time,40.567475,-105.088006,-37
Time,40.567475,-105.088006,-38
Time,40.567475,-105.088006,-38
Time,40.567475,-105.088006,-38
Time,nan,nan,-38
Time,40.567475,-105.088006,-38
Time,40.567475,-105.088006,-39
Time,40.567475,-105.088006,-38
Time,40.567475,-105.088006,-38
Time,40.567475,-105.088006,-38
Time,40.567475,-105.088006,-38
Time,40.567475,-105.088006,-39
Time,40.567475,-105.088006,-38
Time,40.567475,-105.088006,-38
Time,40.567475,-105.088006,-38
Time,40.567475,-105.088006,-38
Time,40.567475,-105.088006,-37
Time,40.567475,-105.088006,-37
Time,40.567475,-105.088006,-38
Time,40.567475,-105.088006,-38
Time,40.567475,-105.088006,-38
Time,40.567475,-105.088006,-38
Time,40.567475,-105.088006,-38
Time,40.567475,-105.088006,-38
Time,40.567475,-105.088006,-37
Time,40.567475,-105.088006,-38
Time,40.567475,-105.088006,-37
Time,40.567475,-105.088006,-35
Time,40.567475,-105.088006,-38
Time,40.567475,-105.088006,-38
Time,40.567475,-105.088006,-38
Time,40.567475,-105.088006,-38
Time,40.567475,-105.088006,-38
Time,40.567475,-105.088006,-37
Time,40.567475,-105.088006,-37
Time,40.567475,-105.088006,-34
Time,40.567475,-105.088006,-38
Time,40.567475,-105.088006,-37
Time,40.567475,-105.088006,-37
Time,40.567475,-105.088006,-38
Time,40.567475,-105.088006,-38
Time,40.567475,-105.088006,-38
Time,40.567475,-105.088006,-37
Time,40.567475,-105.088006,-35
Time,40.567475,-105.088006,-38
Time,40.567475,-105.088006,-39
Time,40.567475,-105.088006,-39
Time,40.567475,-105.088006,-39
Time,40.567475,-105.088006,-39
Time,40.567475,-105.088006,-39
Time,40.567475,-105.088006,-39
Time,40.567475,-105.088006,-39
Time,40.567475,-105.088006,-38
Time,40.567475,-105.088006,-37
Time,40.567475,-105.088006,-38
Time,40.567475,-105.088006,-38
Time,40.567475,-105.088006,-38
Time,40.567475,-105.088006,-38
Time,40.567475,-105.088006,-38
Time,40.567475,-105.088006,-38
Time,40.567475,-105.088006,-38
Time,40.567475,-105.088006,-38
Time,nan,nan,-38
Time,40.567475,-105.088006,-38
Time,nan,nan,-38
Time,40.567475,-105.088006,-37
Time,40.567475,-105.088006,-38
Time,40.567475,-105.088006,-37
Time,40.567475,-105.088006,-37
Time,40.567475,-105.088006,-37
Time,40.567475,-105.088006,-37
Time,40.567475,-105.088006,-35
Time,40.567475,-105.088006,-37
Time,40.567475,-105.088006,-37
Time,40.567475,-105.088006,-35
Time,40.567475,-105.088006,-38
Time,40.567475,-105.088006,-35
Time,40.567475,-105.088006,-35
Time,40.567475,-105.088006,-35
Time,40.567475,-105.088006,-37
Time,40.567475,-105.088006,-38
Time,40.567475,-105.088006,-37
Time,40.567475,-105.088006,-38
Time,40.567475,-105.088006,-35
Time,40.567475,-105.088006,-35
Time,nan,nan,-38
Time,nan,nan,-37
Time,nan,nan,-37
Time,nan,nan,-35
Time,nan,nan,-37
Time,nan,nan,-35
Time,nan,nan,-37
Time,nan,nan,-38
Time,nan,nan,-35
Time,nan,nan,-38
Time,nan,nan,-35
Time,nan,nan,-35
Time,nan,nan,-35
Time,nan,nan,-37
Time,nan,nan,-38
Time,nan,nan,-37
Time,nan,nan,-35
Time,nan,nan,-38
Time,nan,nan,-38
Time,nan,nan,-37
Time,nan,nan,-38
Time,nan,nan,-38
Time,nan,nan,-38
Time,nan,nan,-38
Time,nan,nan,-38
Time,nan,nan,-37
Time,nan,nan,-35
Time,nan,nan,-37
Time,nan,nan,-38
Time,nan,nan,-35
Time,nan,nan,-38
Time,nan,nan,-37
Time,nan,nan,-37
Time,nan,nan,-38
Time,nan,nan,-38
Time,nan,nan,-38
Time,nan,nan,-38
Time,nan,nan,-35
Time,nan,nan,-38
Time,nan,nan,-37
Time,nan,nan,-37
Time,nan,nan,-38
Time,nan,nan,-38
Time,nan,nan,-38
Time,nan,nan,-37
Time,nan,nan,-37
Time,40.567475,-105.088006,-38
Time,nan,nan,-37
Time,nan,nan,-35
Time,nan,nan,-38
Time,nan,nan,-37
Time,nan,nan,-35
Time,nan,nan,-37
Time,nan,nan,-37
Time,nan,nan,-35
Time,nan,nan,-38
Time,nan,nan,-37
Time,nan,nan,-38
Time,nan,nan,-38
Time,nan,nan,-38
Time,40.567475,-105.088006,-38
Time,nan,nan,-37
Time,nan,nan,-37
Time,40.567475,-105.088006,-38
Time,nan,nan,-37
Time,nan,nan,-38
Time,nan,nan,-38
Time,nan,nan,-38
Time,nan,nan,Signal level not found
Time,nan,nan,Signal level not found
Time,nan,nan,Signal level not found
Time,nan,nan,-37
Time,nan,nan,-37
Time,nan,nan,-37
Time,nan,nan,-37
Time,nan,nan,-37
Time,nan,nan,-37
Time,nan,nan,-35
Time,nan,nan,-35
Time,40.567475,-105.088006,-37
Time,nan,nan,-38
Time,nan,nan,-37
Time,nan,nan,-37
Time,nan,nan,-37
Time,40.567475,-105.088006,-38
Time,40.567475,-105.088006,-37
Time,40.567475,-105.088006,-37
Time,40.567475,-105.088006,-37
Time,40.567475,-105.088006,-38
Time,40.567475,-105.088006,-37
Time,40.567475,-105.088006,-37
Time,40.567475,-105.088006,-38
Time,40.567475,-105.088006,-35
Time,40.567475,-105.088006,-38
Time,40.567475,-105.088006,-37
Time,40.567475,-105.088006,-38
Time,40.567475,-105.088006,-38
Time,40.567475,-105.088006,-38
Time,40.567475,-105.088006,-38
Time,40.567475,-105.088006,-35
Time,40.567475,-105.088006,-37
Time,40.567475,-105.088006,-37
Time,40.567475,-105.088006,-37
Time,40.567475,-105.088006,-37
Time,40.567475,-105.088006,-37
Time,40.567475,-105.088006,-37
Time,40.567475,-105.088006,-37
Time,40.567475,-105.088006,-37
Time,40.567475,-105.088006,-37
Time,40.567475,-105.088006,-37
Time,40.567475,-105.088006,-35
Time,40.567475,-105.088006,-37
Time,40.567475,-105.088006,-37
Time,40.567475,-105.088006,-37
Time,40.567475,-105.088006,-38
Time,40.567475,-105.088006,-37
Time,40.567475,-105.088006,-37
Time,40.567475,-105.088006,-35
Time,40.567475,-105.088006,-37
Time,40.567475,-105.088006,-37
Time,40.567475,-105.088006,-38
Time,40.567475,-105.088006,-35
Time,40.567475,-105.088006,-38
Time,40.567475,-105.088006,-38
Time,40.567475,-105.088006,-38
Time,40.567475,-105.088006,-35
Time,40.567475,-105.088006,-38
Time,40.567475,-105.088006,-37
Time,40.567475,-105.088006,-38
Time,40.567475,-105.088006,-33
Time,40.567475,-105.088006,-38
Time,40.567475,-105.088006,-37
Time,40.567475,-105.088006,-35
Time,40.567475,-105.088006,-38
Time,40.567475,-105.088006,-37
Time,40.567475,-105.088006,-37
Time,40.567475,-105.088006,-37
Time,40.567475,-105.088006,-38
Time,40.567475,-105.088006,-35
Time,40.567475,-105.088006,-35
Time,40.567475,-105.088006,-37
Time,40.567475,-105.088006,-37
Time,40.567475,-105.088006,-35
Time,40.567475,-105.088006,-37
Time,40.567475,-105.088006,-37
Time,40.567475,-105.088006,-37
Time,40.567475,-105.088006,-37
Time,40.567475,-105.088006,-35
Time,40.567475,-105.088006,-35
Time,40.567475,-105.088006,-35
Time,40.567475,-105.088006,-37
Time,40.567475,-105.088006,-37
Time,40.567475,-105.088006,-37
Time,40.567475,-105.088006,-35
Time,40.567475,-105.088006,-37
Time,40.567475,-105.088006,-37
Time,40.567475,-105.088006,-35
Time,40.567475,-105.088006,-37
Time,40.567475,-105.088006,-37
Time,40.567475,-105.088006,Signal level not found
Time,40.567475,-105.088006,Signal level not found
Time,40.567475,-105.088006,Signal level not found
Time,40.567475,-105.088006,-37
Time,40.567475,-105.088006,-38
Time,40.567475,-105.088006,-35
Time,40.567475,-105.088006,-37
Time,40.567475,-105.088006,-38
Time,40.567475,-105.088006,-38
Time,40.567475,-105.088006,-37
Time,40.567475,-105.088006,-37
Time,40.567475,-105.088006,-37
Time,40.567475,-105.088006,-37
Time,40.567475,-105.088006,-37
Time,40.567475,-105.088006,-37
Time,40.567475,-105.088006,-38
Time,40.567475,-105.088006,-35
Time,40.567475,-105.088006,-38
Time,40.567475,-105.088006,-37
Time,40.567475,-105.088006,-37
Time,40.567475,-105.088006,-37
Time,40.567475,-105.088006,-35
Time,40.567475,-105.088006,-37
Time,40.567475,-105.088006,-37
Time,40.567475,-105.088006,-35
Time,40.567475,-105.088006,-35
Time,40.567475,-105.088006,-37
Time,40.567475,-105.088006,-35
Time,40.567475,-105.088006,-35
Time,40.567475,-105.088006,-35
Time,40.567475,-105.088006,-35
Time,40.567475,-105.088006,-38
Time,40.567475,-105.088006,-38
Time,40.567475,-105.088006,-35
Time,40.567475,-105.088006,-35
Time,40.567475,-105.088006,-37
Time,40.567475,-105.088006,-37
Time,40.567475,-105.088006,-37
Time,40.567475,-105.088006,-35
Time,40.567475,-105.088006,-37
Time,40.567475,-105.088006,-35
Time,40.567475,-105.088006,-37
Time,40.567475,-105.088006,-35
Time,40.567475,-105.088006,-35
Time,40.567475,-105.088006,-35
Time,40.567475,-105.088006,-38
Time,40.567475,-105.088006,-35
Time,40.567475,-105.088006,-38
Time,40.567475,-105.088006,-35
Time,40.567475,-105.088006,-37
Time,40.567475,-105.088006,-37
Time,40.567475,-105.088006,-35
Time,40.567475,-105.088006,-35
Time,40.567475,-105.088006,-35
Time,40.567475,-105.088006,-35
Time,40.567475,-105.088006,-35
Time,40.567475,-105.088006,-37
Time,40.567475,-105.088006,-35
Time,40.567475,-105.088006,-38
Time,40.567475,-105.088006,-38
Time,40.567475,-105.088006,-35
Time,40.567475,-105.088006,-38
Time,40.567475,-105.088006,-38
Time,40.567475,-105.088006,-37
Time,40.567475,-105.088006,-35
Time,nan,nan,-35
Time,nan,nan,-37
Time,nan,nan,-35
Time,40.567475,-105.088006,-37
Time,40.567475,-105.088006,-38
Time,40.567475,-105.088006,-38
Time,40.567475,-105.088006,-35
Time,nan,nan,-35
Time,40.567475,-105.088006,-35
Time,40.567475,-105.088006,-37
Time,40.567475,-105.088006,-37
Time,nan,nan,-37
Time,nan,nan,-35
Time,40.567475,-105.088006,-38
Time,40.567475,-105.088006,-35
Time,40.567475,-105.088006,-37
Time,nan,nan,-37
Time,nan,nan,-35
Time,nan,nan,-37
Time,40.567475,-105.088006,-37
Time,40.567475,-105.088006,-35
Time,40.567475,-105.088006,-35
Time,40.567475,-105.088006,-37
Time,40.567475,-105.088006,-35
Time,40.567475,-105.088006,-35
Time,40.567475,-105.088006,-35
Time,40.567475,-105.088006,Signal level not found
Time,40.567475,-105.088006,Signal level not found
Time,40.567475,-105.088006,Signal level not found
Time,40.567475,-105.088006,-38
Time,40.567475,-105.088006,-35
Time,40.567475,-105.088006,-35
Time,40.567475,-105.088006,-35
Time,40.567475,-105.088006,-35
Time,40.567475,-105.088006,-35
Time,40.567475,-105.088006,-35
Time,40.567475,-105.088006,-37
Time,nan,nan,-35
Time,nan,nan,-35
Time,40.567475,-105.088006,-35
Time,40.567475,-105.088006,-35
Time,40.567475,-105.088006,-38
Time,40.567475,-105.088006,-38
Time,40.567475,-105.088006,-38
Time,40.567475,-105.088006,-37
Time,40.567475,-105.088006,-38
Time,40.567475,-105.088006,-35
Time,40.567475,-105.088006,-37
Time,40.567475,-105.088006,-37
Time,40.567475,-105.088006,-35
Time,40.567475,-105.088006,-35
Time,40.567475,-105.088006,-38
Time,40.567475,-105.088006,-38
Time,40.567475,-105.088006,-37
Time,40.567475,-105.088006,-35
Time,40.567475,-105.088006,-38
Time,40.567475,-105.088006,-38
Time,40.567475,-105.088006,-34
Time,40.567475,-105.088006,-34
Time,40.567475,-105.088006,-34
Time,40.567475,-105.088006,-34
Time,40.567475,-105.088006,-38
Time,40.567475,-105.088006,-35
Time,40.567475,-105.088006,-35
Time,40.567475,-105.088006,-37
Time,40.567475,-105.088006,-38
Time,40.567475,-105.088006,-35
Time,40.567475,-105.088006,-35
Time,40.567475,-105.088006,-37
Time,40.567475,-105.088006,-37
Time,40.567475,-105.088006,-37
Time,40.567475,-105.088006,-37
Time,40.567475,-105.088006,-37
Time,40.567475,-105.088006,-35
Time,40.567475,-105.088006,-37
Time,40.567475,-105.088006,-35
Time,40.567475,-105.088006,-38
Time,40.567475,-105.088006,-35
Time,40.567475,-105.088006,-38
Time,40.567475,-105.088006,-38
Time,40.567475,-105.088006,-38
Time,40.567475,-105.088006,-35
Time,40.567475,-105.088006,-37
Time,40.567475,-105.088006,-35
Time,40.567475,-105.088006,-37
Time,40.567475,-105.088006,-37
Time,40.567475,-105.088006,-37
Time,40.567475,-105.088006,-37
Time,40.567475,-105.088006,-38
Time,40.567475,-105.088006,-37
Time,40.567475,-105.088006,-37
Time,40.567475,-105.088006,-38
Time,40.567475,-105.088006,-35
Time,40.567475,-105.088006,-35
Time,40.567475,-105.088006,-37
Time,40.567475,-105.088006,-38
Time,40.567475,-105.088006,-38
Time,40.567475,-105.088006,-38
Time,40.567475,-105.088006,-38
Time,40.567475,-105.088006,-38
Time,40.567475,-105.088006,-38
Time,40.567475,-105.088006,-35
Time,40.567475,-105.088006,-38
Time,40.567475,-105.088006,-37
Time,40.567475,-105.088006,-35
Time,40.567475,-105.088006,-35
Time,40.567475,-105.088006,-37
Time,40.567475,-105.088006,-38
Time,40.567475,-105.088006,-35
Time,40.567475,-105.088006,-37
Time,40.567475,-105.088006,-35
Time,40.567475,-105.088006,-38
Time,40.567475,-105.088006,-35
Time,nan,nan,-38
Time,40.567475,-105.088006,-38
Time,40.567475,-105.088006,-38
Time,40.567475,-105.088006,-35
Time,40.567475,-105.088006,Signal level not found
Time,40.567475,-105.088006,Signal level not found
Time,40.567475,-105.088006,Signal level not found
Time,40.567475,-105.088006,-37
Time,40.567475,-105.088006,-37
Time,40.567475,-105.088006,-37
Time,40.567475,-105.088006,-37
Time,40.567475,-105.088006,-35
Time,40.567475,-105.088006,-35
Time,40.567475,-105.088006,-37
Time,40.567475,-105.088006,-38
Time,40.567475,-105.088006,-37
Time,40.567475,-105.088006,-37
Time,40.567475,-105.088006,-38
Time,40.567475,-105.088006,-35
Time,40.567475,-105.088006,-35
Time,40.567475,-105.088006,-37
Time,nan,nan,-35
Time,nan,nan,-35
Time,40.567475,-105.088006,-38
Time,40.567475,-105.088006,-38
Time,40.567475,-105.088006,-34
Time,40.567475,-105.088006,-34
Time,40.567475,-105.088006,-37
Time,40.567475,-105.088006,-38
Time,40.567475,-105.088006,-34
Time,40.567475,-105.088006,-37
Time,40.567475,-105.088006,-37
Time,40.567475,-105.088006,-37
Time,40.567475,-105.088006,-37
Time,40.567475,-105.088006,-34
Time,40.567475,-105.088006,-38
Time,40.567475,-105.088006,-35
Time,40.567475,-105.088006,-37
Time,40.567475,-105.088006,-34
